"","album_uri","album_name","album_img","album_release_date","album_release_year","album_popularity","track_name","track_uri","danceability","energy","key","loudness","mode","speechiness","acousticness","instrumentalness","liveness","valence","tempo","duration_ms","time_signature","key_mode","track_popularity"
"1","33TDfmEXufojT6jxgb3BTK","Pornography","https://i.scdn.co/image/fbec42025b461d54853ba6431f4eaaaa69e5a9e1","1982-05-03","1982-05-03",34,"One Hundred Years - Remastered Version","6o8bpkuFMRS2b25Vui9aDC",0.436,0.881,"G",-5.998,"major",0.0439,0.00123,0.509,0.108,0.262,132.59,401000,4,"G major",33
"2","33TDfmEXufojT6jxgb3BTK","Pornography","https://i.scdn.co/image/fbec42025b461d54853ba6431f4eaaaa69e5a9e1","1982-05-03","1982-05-03",34,"A Short Term Effect - Remastered Version","4GiVSZ0UcbW0vzVMLnBdDT",0.516,0.836,"C",-5.872,"major",0.0319,0.00171,0.165,0.136,0.649,116.566,262493,4,"C major",28
"3","33TDfmEXufojT6jxgb3BTK","Pornography","https://i.scdn.co/image/fbec42025b461d54853ba6431f4eaaaa69e5a9e1","1982-05-03","1982-05-03",34,"The Hanging Garden - Remastered Version","6mbZmbZ8wr5DA2CAB3q1GW",0.42,0.889,"C",-5.86,"major",0.0393,0.00402,0.488,0.0795,0.634,135.421,274240,4,"C major",35
"4","33TDfmEXufojT6jxgb3BTK","Pornography","https://i.scdn.co/image/fbec42025b461d54853ba6431f4eaaaa69e5a9e1","1982-05-03","1982-05-03",34,"Siamese Twins - Remastered Version","3x6F5xwseHgXIjptORmGAI",0.772,0.523,"D",-9.788,"major",0.0364,0.000298,0.795,0.282,0.752,94.194,328360,4,"D major",34
"5","33TDfmEXufojT6jxgb3BTK","Pornography","https://i.scdn.co/image/fbec42025b461d54853ba6431f4eaaaa69e5a9e1","1982-05-03","1982-05-03",34,"The Figurehead - Remastered Version","4MLYH01rrqDifXe06KAkfz",0.655,0.842,"A#",-5.349,"minor",0.0264,0.00125,0.642,0.11,0.727,110.37,375173,4,"A# minor",28
"6","33TDfmEXufojT6jxgb3BTK","Pornography","https://i.scdn.co/image/fbec42025b461d54853ba6431f4eaaaa69e5a9e1","1982-05-03","1982-05-03",34,"A Strange Day - Remastered Version","7GRcTA76jA5ptef1cqYAdb",0.603,0.964,"A",-7.245,"minor",0.043,0.000109,0.0801,0.119,0.564,112.798,303960,4,"A minor",31
"7","33TDfmEXufojT6jxgb3BTK","Pornography","https://i.scdn.co/image/fbec42025b461d54853ba6431f4eaaaa69e5a9e1","1982-05-03","1982-05-03",34,"Cold - Remastered Version","3XerBkjkILRc48huk5NkLG",0.473,0.832,"A#",-5.841,"minor",0.0283,0.0916,0.498,0.101,0.238,100.881,266573,4,"A# minor",31
"8","33TDfmEXufojT6jxgb3BTK","Pornography","https://i.scdn.co/image/fbec42025b461d54853ba6431f4eaaaa69e5a9e1","1982-05-03","1982-05-03",34,"Pornography - Remastered Version","3FsYdsgbCWzLd52KQIa3OG",0.423,0.829,"A#",-9.534,"major",0.0739,0.435,0.53,0.517,0.205,123.997,387867,4,"A# major",25
"9","6SCYoeXeQjxbrioUozsvo1","The Top","https://i.scdn.co/image/40bb47fe5c869ed7f7f83bda26739851dfb6a6e4","1984-04-30","1984-04-30",28,"Shake Dog Shake - Remastered","4twWBzrCi5Qtmth6XldoOT",0.353,0.914,"C",-5.474,"major",0.0438,0.0114,0.0119,0.321,0.158,166.084,296387,4,"C major",22
"10","6SCYoeXeQjxbrioUozsvo1","The Top","https://i.scdn.co/image/40bb47fe5c869ed7f7f83bda26739851dfb6a6e4","1984-04-30","1984-04-30",28,"Birdmad Girl - Remastered","2GEWv6dBcDEPNeDG9sqlnG",0.76,0.798,"B",-8.482,"minor",0.0332,0.00272,2e-04,0.0753,0.818,119.77,245413,4,"B minor",20
"11","6SCYoeXeQjxbrioUozsvo1","The Top","https://i.scdn.co/image/40bb47fe5c869ed7f7f83bda26739851dfb6a6e4","1984-04-30","1984-04-30",28,"Wailing Wall - Remastered","64H6iuoxbH7FCPP2DURTki",0.414,0.693,"D#",-10.718,"major",0.0427,0.0583,0.439,0.574,0.475,175.172,323173,4,"D# major",16
"12","6SCYoeXeQjxbrioUozsvo1","The Top","https://i.scdn.co/image/40bb47fe5c869ed7f7f83bda26739851dfb6a6e4","1984-04-30","1984-04-30",28,"Give Me It - Remastered","3lK8BHu0rgDbvRxi3aS9OT",0.468,0.973,"B",-6.793,"minor",0.161,3e-05,0.401,0.364,0.129,136.677,222760,4,"B minor",16
"13","6SCYoeXeQjxbrioUozsvo1","The Top","https://i.scdn.co/image/40bb47fe5c869ed7f7f83bda26739851dfb6a6e4","1984-04-30","1984-04-30",28,"Dressing Up - Remastered","18K1q6Sc4qDrwIL2t21c0X",0.59,0.605,"E",-6.677,"minor",0.0368,0.342,0.000114,0.109,0.503,80.009,171373,4,"E minor",20
"14","6SCYoeXeQjxbrioUozsvo1","The Top","https://i.scdn.co/image/40bb47fe5c869ed7f7f83bda26739851dfb6a6e4","1984-04-30","1984-04-30",28,"The Caterpillar - Remastered Version","52TvlkVyCQkCCehvE9nVFU",0.745,0.813,"D",-8.313,"major",0.0361,0.207,0.000503,0.437,0.87,123.883,221747,4,"D major",35
"15","6SCYoeXeQjxbrioUozsvo1","The Top","https://i.scdn.co/image/40bb47fe5c869ed7f7f83bda26739851dfb6a6e4","1984-04-30","1984-04-30",28,"Piggy In The Mirror - Remastered","7FA4BogXhcyzESjnfeEo58",0.678,0.775,"A",-6.143,"minor",0.0374,0.145,0,0.281,0.616,81.935,219920,4,"A minor",20
"16","6SCYoeXeQjxbrioUozsvo1","The Top","https://i.scdn.co/image/40bb47fe5c869ed7f7f83bda26739851dfb6a6e4","1984-04-30","1984-04-30",28,"The Empty World - Remastered","2CQc8ad4QihEHZxHiUVBbN",0.637,0.585,"A",-7.066,"minor",0.0233,0.171,0.00571,0.32,0.769,93.872,155893,4,"A minor",16
"17","6SCYoeXeQjxbrioUozsvo1","The Top","https://i.scdn.co/image/40bb47fe5c869ed7f7f83bda26739851dfb6a6e4","1984-04-30","1984-04-30",28,"Bananafishbones - Remastered","5eSAdgowgQzN89HsKVVmeb",0.567,0.827,"B",-7.163,"minor",0.0552,0.0994,0.00123,0.219,0.527,151.953,179693,4,"B minor",19
"18","6SCYoeXeQjxbrioUozsvo1","The Top","https://i.scdn.co/image/40bb47fe5c869ed7f7f83bda26739851dfb6a6e4","1984-04-30","1984-04-30",28,"The Top - Remastered","1apvzzPOQH6AcijyhLVBkW",0.848,0.539,"C",-11.376,"major",0.051,0.0509,0.227,0.29,0.133,128.105,418040,4,"C major",16
"19","6SCYoeXeQjxbrioUozsvo1","The Top","https://i.scdn.co/image/40bb47fe5c869ed7f7f83bda26739851dfb6a6e4","1984-04-30","1984-04-30",28,"You Stayed [RS Home Demo 8/82]","0QRpSBVnx3VHrmMxpv7S9V",0.547,0.638,"E",-8.534,"minor",0.0314,0.00997,0.832,0.116,0.84,92.513,140467,4,"E minor",12
"20","6SCYoeXeQjxbrioUozsvo1","The Top","https://i.scdn.co/image/40bb47fe5c869ed7f7f83bda26739851dfb6a6e4","1984-04-30","1984-04-30",28,"Ariel [RS Home Demo 8/82]","2cVEVRzoxQJiuxwVVtJbMz",0.492,0.517,"E",-9.824,"major",0.0334,0.395,0.0698,0.271,0.501,144.213,178667,4,"E major",11
"21","6SCYoeXeQjxbrioUozsvo1","The Top","https://i.scdn.co/image/40bb47fe5c869ed7f7f83bda26739851dfb6a6e4","1984-04-30","1984-04-30",28,"A Hand Inside My Mouth [Des Dames Studio Demo 8/83]","7vDznaO2VgpXAg5M5RExNq",0.503,0.581,"C#",-8.35,"major",0.0324,0.218,0.4,0.139,0.502,126.632,219667,4,"C# major",10
"22","6SCYoeXeQjxbrioUozsvo1","The Top","https://i.scdn.co/image/40bb47fe5c869ed7f7f83bda26739851dfb6a6e4","1984-04-30","1984-04-30",28,"Sadacic [Olympic Studio RS Demo 12/83]","5h69t1ZOWoRPHg8OlSJwY8",0.473,0.9,"C",-6.568,"major",0.049,9.92e-05,0.581,0.238,0.617,128.099,255293,4,"C major",10
"23","6SCYoeXeQjxbrioUozsvo1","The Top","https://i.scdn.co/image/40bb47fe5c869ed7f7f83bda26739851dfb6a6e4","1984-04-30","1984-04-30",28,"Shake Dog Shake [Garden /Eden Studios RS&AA Demo 12/83]","3vp4yfjs3yCMVpGSY3PmKt",0.334,0.806,"C",-7.664,"minor",0.0443,0.000753,0.611,0.258,0.226,164.832,295280,4,"C minor",10
"24","6SCYoeXeQjxbrioUozsvo1","The Top","https://i.scdn.co/image/40bb47fe5c869ed7f7f83bda26739851dfb6a6e4","1984-04-30","1984-04-30",28,"Piggy In The Mirror [Garden /Eden Studios RS&AA Demo 12/83]","0yR5OPsbFVOyv1QCe7S6EY",0.628,0.571,"A",-7.893,"major",0.0236,0.0566,0.0762,0.128,0.336,81.502,219440,4,"A major",10
"25","6SCYoeXeQjxbrioUozsvo1","The Top","https://i.scdn.co/image/40bb47fe5c869ed7f7f83bda26739851dfb6a6e4","1984-04-30","1984-04-30",28,"Birdmad Girl [Garden /Eden Studios RS&AA Demo 12/83]","0eQsdY1QNsb9vMHIxlquX2",0.806,0.598,"F#",-11.357,"minor",0.0457,0.0383,0.849,0.0829,0.842,118.712,215213,4,"F# minor",9
"26","6SCYoeXeQjxbrioUozsvo1","The Top","https://i.scdn.co/image/40bb47fe5c869ed7f7f83bda26739851dfb6a6e4","1984-04-30","1984-04-30",28,"Give Me It [Garden /Eden Studios RS&AA Demo 12/83]","1iHIInNRfzkJr8CyonhsPE",0.547,0.968,"D",-5.663,"major",0.0729,7.83e-05,0.0606,0.416,0.345,135.241,222027,4,"D major",8
"27","6SCYoeXeQjxbrioUozsvo1","The Top","https://i.scdn.co/image/40bb47fe5c869ed7f7f83bda26739851dfb6a6e4","1984-04-30","1984-04-30",28,"Throw Your Foot [Garden /Eden Studios RS&AA Demo 12/83]","1ogn7g5JIujNS6oKH6saVE",0.733,0.754,"B",-8.262,"minor",0.0403,0.0111,0.212,0.222,0.944,147.172,209227,4,"B minor",11
"28","6SCYoeXeQjxbrioUozsvo1","The Top","https://i.scdn.co/image/40bb47fe5c869ed7f7f83bda26739851dfb6a6e4","1984-04-30","1984-04-30",28,"Happy The Man [Garden /Eden Studios RS&AA Demo 12/83]","1E3700UNUBQxVhkEDSjFq0",0.762,0.46,"A",-11.39,"major",0.0339,0.642,0.849,0.0737,0.864,109.003,164840,4,"A major",10
"29","1ETZiFVSXzYsiIZ0PUkMKP","Concert - The Cure Live","https://i.scdn.co/image/7c0e2a9d678916b8fdc64a450e441e8d3466ffd6","1984-10-22","1984-10-22",26,"Shake Dog Shake - Live Version (1984)","45uAGpijGtAsC9b0oitga2",0.364,0.752,"G",-12.719,"minor",0.039,0.0328,0.00452,0.421,0.344,100.743,256933,4,"G minor",21
"30","1ETZiFVSXzYsiIZ0PUkMKP","Concert - The Cure Live","https://i.scdn.co/image/7c0e2a9d678916b8fdc64a450e441e8d3466ffd6","1984-10-22","1984-10-22",26,"Primary - Live Version (1984)","6nU5f5olz7ZteAPQzWYf6J",0.485,0.904,"A",-14.525,"major",0.0978,0.0891,0.00344,0.701,0.458,165.349,209630,4,"A major",21
"31","1ETZiFVSXzYsiIZ0PUkMKP","Concert - The Cure Live","https://i.scdn.co/image/7c0e2a9d678916b8fdc64a450e441e8d3466ffd6","1984-10-22","1984-10-22",26,"Charlotte Sometimes - Live Version (1984)","6NWfqEUfr3w7nq1z64bmz8",0.499,0.772,"A",-13.927,"minor",0.0688,0.105,0.00122,0.938,0.553,130.673,246667,4,"A minor",24
"32","1ETZiFVSXzYsiIZ0PUkMKP","Concert - The Cure Live","https://i.scdn.co/image/7c0e2a9d678916b8fdc64a450e441e8d3466ffd6","1984-10-22","1984-10-22",26,"The Hanging Garden - Live Version (1984)","4V7AtpqV5Qv2Q7yIUVswnZ",0.571,0.68,"A#",-14.408,"major",0.0383,0.118,0.0664,0.699,0.554,146.895,245160,4,"A# major",20
"33","1ETZiFVSXzYsiIZ0PUkMKP","Concert - The Cure Live","https://i.scdn.co/image/7c0e2a9d678916b8fdc64a450e441e8d3466ffd6","1984-10-22","1984-10-22",26,"Give Me It - Live Version (1984)","2rlaACvwd64OO50V3hITsz",0.207,0.971,"D",-11.494,"major",0.0722,0.00163,0.00265,0.977,0.0422,160.562,166487,4,"D major",18
"34","1ETZiFVSXzYsiIZ0PUkMKP","Concert - The Cure Live","https://i.scdn.co/image/7c0e2a9d678916b8fdc64a450e441e8d3466ffd6","1984-10-22","1984-10-22",26,"The Walk - Live Version (1984)","5Kio8PIBNZxaHnzF78Cve5",0.666,0.668,"D",-14.614,"major",0.0492,0.199,0.0893,0.713,0.847,130.531,214333,4,"D major",20
"35","1ETZiFVSXzYsiIZ0PUkMKP","Concert - The Cure Live","https://i.scdn.co/image/7c0e2a9d678916b8fdc64a450e441e8d3466ffd6","1984-10-22","1984-10-22",26,"One Hundred Years - Live Version (1984)","089TFZpgb2RvAVRDjPBQga",0.407,0.712,"C",-11.82,"major",0.0386,0.215,0.711,0.677,0.398,149.07,408811,4,"C major",19
"36","1ETZiFVSXzYsiIZ0PUkMKP","Concert - The Cure Live","https://i.scdn.co/image/7c0e2a9d678916b8fdc64a450e441e8d3466ffd6","1984-10-22","1984-10-22",26,"A Forest - Live Version (1984)","3w8wqW3j6Mt7rhcVZIGamG",0.388,0.856,"C",-13.482,"major",0.0494,0.202,0.395,0.634,0.531,159.603,406173,4,"C major",27
"37","1ETZiFVSXzYsiIZ0PUkMKP","Concert - The Cure Live","https://i.scdn.co/image/7c0e2a9d678916b8fdc64a450e441e8d3466ffd6","1984-10-22","1984-10-22",26,"10:15 Saturday Night - New Version / Live Version (1984)","74B9ZrNvWBCxXzOJwVig2R",0.381,0.718,"A",-13.772,"minor",0.0859,0.484,0.235,0.988,0.214,176.725,224667,4,"A minor",20
"38","1ETZiFVSXzYsiIZ0PUkMKP","Concert - The Cure Live","https://i.scdn.co/image/7c0e2a9d678916b8fdc64a450e441e8d3466ffd6","1984-10-22","1984-10-22",26,"Killing An Arab - New Version / Live Version (1984)","7cTWYW8xXemgwqAx64Rn6B",0.263,0.876,"A",-12.73,"major",0.0605,0.14,0.0623,0.724,0.546,178.134,171493,4,"A major",24
"39","1KS5qoTz816CsgxMFujW64","The Head On The Door","https://i.scdn.co/image/ae7f9b496df52ed2dd3b371937fde1b53f8dc79b","1985-08-26","1985-08-26",36,"Inbetween Days","1PrNA8tIeDMBq05uxkBpWF",0.528,0.776,"A",-10.003,"major",0.0343,0.122,0.0158,0.314,0.635,142.519,179440,4,"A major",36
"40","1KS5qoTz816CsgxMFujW64","The Head On The Door","https://i.scdn.co/image/ae7f9b496df52ed2dd3b371937fde1b53f8dc79b","1985-08-26","1985-08-26",36,"Kyoto Song","3jvRL9ejdW6y0Mok3RSF8I",0.706,0.69,"B",-10.93,"minor",0.0287,0.296,6.72e-05,0.111,0.815,112.566,256733,4,"B minor",27
"41","1KS5qoTz816CsgxMFujW64","The Head On The Door","https://i.scdn.co/image/ae7f9b496df52ed2dd3b371937fde1b53f8dc79b","1985-08-26","1985-08-26",36,"The Blood","6D8xRj8Aa0ZpPI7s8SAZUm",0.705,0.605,"B",-10.84,"major",0.0341,0.536,0.000332,0.0893,0.795,124.04,223400,4,"B major",26
"42","1KS5qoTz816CsgxMFujW64","The Head On The Door","https://i.scdn.co/image/ae7f9b496df52ed2dd3b371937fde1b53f8dc79b","1985-08-26","1985-08-26",36,"Six Different Ways","0jkkivVaCS1gBBP4uy9rj7",0.781,0.583,"C",-14.227,"major",0.0371,0.0455,9.24e-05,0.0985,0.717,91.183,197160,3,"C major",29
"43","1KS5qoTz816CsgxMFujW64","The Head On The Door","https://i.scdn.co/image/ae7f9b496df52ed2dd3b371937fde1b53f8dc79b","1985-08-26","1985-08-26",36,"Push","1Js4mWFSdpdfwPktEZdKD3",0.497,0.812,"D",-10.87,"major",0.0428,0.00422,0.25,0.162,0.475,146.917,269723,4,"D major",30
"44","1KS5qoTz816CsgxMFujW64","The Head On The Door","https://i.scdn.co/image/ae7f9b496df52ed2dd3b371937fde1b53f8dc79b","1985-08-26","1985-08-26",36,"The Baby Screams","0Ixjns41Iv9CPt9319LUQr",0.596,0.723,"D",-10.687,"minor",0.0319,0.627,0.0751,0.101,0.882,133.346,227500,4,"D minor",25
"45","1KS5qoTz816CsgxMFujW64","The Head On The Door","https://i.scdn.co/image/ae7f9b496df52ed2dd3b371937fde1b53f8dc79b","1985-08-26","1985-08-26",36,"Close To Me","63EbhPn7ErTnAxJNZixVTS",0.731,0.341,"B",-17.927,"major",0.123,0.154,0.672,0.0771,0.96,184.913,202867,4,"B major",43
"46","1KS5qoTz816CsgxMFujW64","The Head On The Door","https://i.scdn.co/image/ae7f9b496df52ed2dd3b371937fde1b53f8dc79b","1985-08-26","1985-08-26",36,"A Night Like This","5VLjpGPn9V6qWQfhDTL5KE",0.621,0.789,"F#",-10.53,"minor",0.0293,0.0273,2.79e-05,0.103,0.711,121.796,256960,4,"F# minor",30
"47","1KS5qoTz816CsgxMFujW64","The Head On The Door","https://i.scdn.co/image/ae7f9b496df52ed2dd3b371937fde1b53f8dc79b","1985-08-26","1985-08-26",36,"Screw","1L89cuUJtmyxfsEkQKnAbN",0.759,0.851,"C",-10.751,"major",0.0604,0.52,0.611,0.116,0.658,116.99,156750,4,"C major",23
"48","1KS5qoTz816CsgxMFujW64","The Head On The Door","https://i.scdn.co/image/ae7f9b496df52ed2dd3b371937fde1b53f8dc79b","1985-08-26","1985-08-26",36,"Sinking","7GGXfgn7xbIs6xZV7qizmg",0.482,0.66,"E",-11.351,"minor",0.0339,0.268,0.477,0.168,0.641,142.286,290249,4,"E minor",25
"49","7qtRliQvQBu5v6LTi3gNDD","Kiss Me Kiss Me Kiss Me","https://i.scdn.co/image/d692e153fd1c928e98a1493100481ff94283c50f","1987-05-25","1987-05-25",40,"The Kiss - 2006 Remastered Version","0vkUqmXgUJxvuJ0yVRCmni",0.384,0.593,"G",-8.026,"major",0.0549,0.557,0.753,0.0937,0.42,157.531,376320,4,"G major",31
"50","7qtRliQvQBu5v6LTi3gNDD","Kiss Me Kiss Me Kiss Me","https://i.scdn.co/image/d692e153fd1c928e98a1493100481ff94283c50f","1987-05-25","1987-05-25",40,"Catch - 2006 Remastered Version","3HGTC34bsQwEdTV6u0PJz4",0.531,0.726,"D",-8.875,"major",0.0304,0.452,1.16e-06,0.215,0.606,104.984,163600,4,"D major",30
"51","7qtRliQvQBu5v6LTi3gNDD","Kiss Me Kiss Me Kiss Me","https://i.scdn.co/image/d692e153fd1c928e98a1493100481ff94283c50f","1987-05-25","1987-05-25",40,"Torture - 2006 Remastered Version","57kJI6reqk6NOBmpYYZs1I",0.554,0.918,"C",-5.928,"major",0.0372,0.165,0.00123,0.46,0.677,124.467,256640,4,"C major",25
"52","7qtRliQvQBu5v6LTi3gNDD","Kiss Me Kiss Me Kiss Me","https://i.scdn.co/image/d692e153fd1c928e98a1493100481ff94283c50f","1987-05-25","1987-05-25",40,"If Only Tonight We Could Sleep - 2006 Remastered Version","717QIXfxQT6WNgsJkWuOxy",0.601,0.439,"F",-11.192,"major",0.0257,0.251,0.0151,0.204,0.256,81.165,292520,4,"F major",27
"53","7qtRliQvQBu5v6LTi3gNDD","Kiss Me Kiss Me Kiss Me","https://i.scdn.co/image/d692e153fd1c928e98a1493100481ff94283c50f","1987-05-25","1987-05-25",40,"Why Can't I Be You? - 2006 Remastered Version","4E8AEddgGU3PHWQOGbXpMe",0.635,0.907,"C",-7.276,"minor",0.0383,0.417,2.09e-05,0.0725,0.812,107.681,193200,4,"C minor",32
"54","7qtRliQvQBu5v6LTi3gNDD","Kiss Me Kiss Me Kiss Me","https://i.scdn.co/image/d692e153fd1c928e98a1493100481ff94283c50f","1987-05-25","1987-05-25",40,"How Beautiful You Are - 2006 Remastered Version","4rl8gw5Pzen7r2CjB1fylc",0.493,0.897,"E",-7.606,"minor",0.0415,0.0835,0.000142,0.205,0.611,145.094,312560,4,"E minor",35
"55","7qtRliQvQBu5v6LTi3gNDD","Kiss Me Kiss Me Kiss Me","https://i.scdn.co/image/d692e153fd1c928e98a1493100481ff94283c50f","1987-05-25","1987-05-25",40,"The Snakepit - 2006 Remastered Version","5uVxmb4qA7bRLc6E9Dt1Hz",0.428,0.75,"A",-7.232,"minor",0.025,0.0327,0.802,0.48,0.762,173.793,417867,4,"A minor",23
"56","7qtRliQvQBu5v6LTi3gNDD","Kiss Me Kiss Me Kiss Me","https://i.scdn.co/image/d692e153fd1c928e98a1493100481ff94283c50f","1987-05-25","1987-05-25",40,"Hey You !!! - 2006 Remastered Version","1WUSs195It8jj78gYMD9CT",0.323,0.919,"D",-5.074,"major",0.0457,0.0281,0.000435,0.949,0.864,170.909,142813,4,"D major",23
"57","7qtRliQvQBu5v6LTi3gNDD","Kiss Me Kiss Me Kiss Me","https://i.scdn.co/image/d692e153fd1c928e98a1493100481ff94283c50f","1987-05-25","1987-05-25",40,"Just Like Heaven - 2006 Remastered Version","1KSkVwl54ghzE1jSbsVNBr",0.442,0.935,"A",-6.903,"major",0.0424,0.0524,0.000307,0.188,0.514,151.448,212013,4,"A major",45
"58","7qtRliQvQBu5v6LTi3gNDD","Kiss Me Kiss Me Kiss Me","https://i.scdn.co/image/d692e153fd1c928e98a1493100481ff94283c50f","1987-05-25","1987-05-25",40,"All I Want - 2006 Remastered Version","0rxwAlMPozO5s7twIpJq0T",0.384,0.913,"A",-5.455,"minor",0.0493,0.0426,0.000401,0.569,0.658,120.251,320907,4,"A minor",27
"59","7qtRliQvQBu5v6LTi3gNDD","Kiss Me Kiss Me Kiss Me","https://i.scdn.co/image/d692e153fd1c928e98a1493100481ff94283c50f","1987-05-25","1987-05-25",40,"Hot Hot Hot !!! - 2006 Remastered Version","7x8jinx6zTL74mN5cf8kq9",0.748,0.905,"A",-5.293,"minor",0.033,0.266,0.000128,0.0426,0.857,112.136,214240,4,"A minor",30
"60","7qtRliQvQBu5v6LTi3gNDD","Kiss Me Kiss Me Kiss Me","https://i.scdn.co/image/d692e153fd1c928e98a1493100481ff94283c50f","1987-05-25","1987-05-25",40,"One More Time - 2006 Remastered Version","0TDkinXBwm9P5QDIGdkZX8",0.456,0.53,"F#",-9.083,"major",0.0281,0.46,0.00592,0.121,0.373,102.107,271693,4,"F# major",26
"61","7qtRliQvQBu5v6LTi3gNDD","Kiss Me Kiss Me Kiss Me","https://i.scdn.co/image/d692e153fd1c928e98a1493100481ff94283c50f","1987-05-25","1987-05-25",40,"Like Cockatoos - 2006 Remastered Version","0VPpOH6jB9zcxhd4cRKSf0",0.54,0.953,"F",-9.3,"minor",0.0524,0.238,0.0428,0.966,0.343,96.127,219573,4,"F minor",25
"62","7qtRliQvQBu5v6LTi3gNDD","Kiss Me Kiss Me Kiss Me","https://i.scdn.co/image/d692e153fd1c928e98a1493100481ff94283c50f","1987-05-25","1987-05-25",40,"Icing Sugar - 2006 Remastered Version","3qWQzK7XZ8fAprUjaQUN5h",0.545,0.939,"C",-7.935,"minor",0.036,0.0841,0.819,0.111,0.751,142.627,228480,4,"C minor",22
"63","7qtRliQvQBu5v6LTi3gNDD","Kiss Me Kiss Me Kiss Me","https://i.scdn.co/image/d692e153fd1c928e98a1493100481ff94283c50f","1987-05-25","1987-05-25",40,"The Perfect Girl - 2006 Remastered Version","2no26rATSaJiyhZCyxKApg",0.618,0.817,"G",-6.774,"major",0.0296,0.31,8.92e-06,0.319,0.842,101.799,153040,4,"G major",27
"64","7qtRliQvQBu5v6LTi3gNDD","Kiss Me Kiss Me Kiss Me","https://i.scdn.co/image/d692e153fd1c928e98a1493100481ff94283c50f","1987-05-25","1987-05-25",40,"A Thousand Hours - 2006 Remastered Version","4qOuHC4OwqeZmne2rcuNKA",0.395,0.454,"D",-8.657,"major",0.0277,0.213,0.142,0.224,0.421,178.787,202813,4,"D major",24
"65","7qtRliQvQBu5v6LTi3gNDD","Kiss Me Kiss Me Kiss Me","https://i.scdn.co/image/d692e153fd1c928e98a1493100481ff94283c50f","1987-05-25","1987-05-25",40,"Shiver and Shake - 2006 Remastered Version","22MvhYcci5NbZQ9IK48jeY",0.336,0.956,"B",-6.97,"major",0.0545,0.0157,0.00401,0.587,0.429,153.775,208280,4,"B major",21
"66","7qtRliQvQBu5v6LTi3gNDD","Kiss Me Kiss Me Kiss Me","https://i.scdn.co/image/d692e153fd1c928e98a1493100481ff94283c50f","1987-05-25","1987-05-25",40,"Fight - 2006 Remastered Version","2zOxF9jOKpUvnVOgFzjcTv",0.481,0.869,"G",-6.72,"minor",0.0395,0.301,0.193,0.43,0.33,166.303,271960,4,"G minor",21
"67","7qtRliQvQBu5v6LTi3gNDD","Kiss Me Kiss Me Kiss Me","https://i.scdn.co/image/d692e153fd1c928e98a1493100481ff94283c50f","1987-05-25","1987-05-25",40,"The Kiss [RS Home Demo 3/86] [Instrumental]","2Rw1V1iP3aF9a9CUVm27w4",0.514,0.627,"G",-8.063,"major",0.267,0.0112,0.808,0.106,0.112,161.892,218587,4,"G major",16
"68","7qtRliQvQBu5v6LTi3gNDD","Kiss Me Kiss Me Kiss Me","https://i.scdn.co/image/d692e153fd1c928e98a1493100481ff94283c50f","1987-05-25","1987-05-25",40,"The Perfect Girl [Beethoven St. Studio Demo 6/86] [Instrumental","0UbX1LfxOGfmnHZGzsYuYe",0.553,0.671,"G",-8.72,"major",0.0271,0.122,0.884,0.423,0.523,101.993,204600,4,"G major",17
"86","6vQB3ZBxnQPP3jQcGV2qzg","Disintegration (Deluxe Edition [Remastered])","https://i.scdn.co/image/c1b4e971c42c8cecc91037fa1df994f7050a45fc","1989-05-02","1989-05-02",52,"Plainsong","76rfUs6iZBa3OCf8tCBn27",0.361,0.428,"C",-9.282,"major",0.0306,0.00451,0.66,0.0879,0.125,86.884,317347,4,"C major",40
"87","6vQB3ZBxnQPP3jQcGV2qzg","Disintegration (Deluxe Edition [Remastered])","https://i.scdn.co/image/c1b4e971c42c8cecc91037fa1df994f7050a45fc","1989-05-02","1989-05-02",52,"Pictures Of You","1tuwC1Ob5vnYZhvg3zyzJg",0.484,0.776,"A",-6.48,"major",0.0312,0.00371,0.109,0.131,0.495,171.935,448467,4,"A major",52
"88","6vQB3ZBxnQPP3jQcGV2qzg","Disintegration (Deluxe Edition [Remastered])","https://i.scdn.co/image/c1b4e971c42c8cecc91037fa1df994f7050a45fc","1989-05-02","1989-05-02",52,"Closedown","7BffxdidCNDN2cOP1XlCyv",0.516,0.748,"E",-7.184,"major",0.0281,0.292,0.763,0.11,0.719,93.927,258853,4,"E major",36
"89","6vQB3ZBxnQPP3jQcGV2qzg","Disintegration (Deluxe Edition [Remastered])","https://i.scdn.co/image/c1b4e971c42c8cecc91037fa1df994f7050a45fc","1989-05-02","1989-05-02",52,"Lovesong","0X5C4WjQNubRysTkHOubz3",0.611,0.813,"A",-7.689,"minor",0.0279,0.339,0.898,0.224,0.821,140.112,209573,4,"A minor",58
"90","6vQB3ZBxnQPP3jQcGV2qzg","Disintegration (Deluxe Edition [Remastered])","https://i.scdn.co/image/c1b4e971c42c8cecc91037fa1df994f7050a45fc","1989-05-02","1989-05-02",52,"Last Dance","4muRKfZjpRvjoi4eAOAYot",0.322,0.785,"A",-6.346,"minor",0.0534,0.444,0.587,0.191,0.446,184.01,285067,4,"A minor",35
"91","6vQB3ZBxnQPP3jQcGV2qzg","Disintegration (Deluxe Edition [Remastered])","https://i.scdn.co/image/c1b4e971c42c8cecc91037fa1df994f7050a45fc","1989-05-02","1989-05-02",52,"Lullaby","4d4oXk7O2lEhZ83ivV93li",0.718,0.557,"A",-10.679,"major",0.0328,0.185,0.707,0.055,0.586,94.095,249880,4,"A major",50
"92","6vQB3ZBxnQPP3jQcGV2qzg","Disintegration (Deluxe Edition [Remastered])","https://i.scdn.co/image/c1b4e971c42c8cecc91037fa1df994f7050a45fc","1989-05-02","1989-05-02",52,"Fascination Street","23j7dlNIalftynH6fNllR9",0.508,0.91,"C",-5.743,"minor",0.0786,0.00134,0.465,0.15,0.491,100.058,316173,4,"C minor",49
"93","6vQB3ZBxnQPP3jQcGV2qzg","Disintegration (Deluxe Edition [Remastered])","https://i.scdn.co/image/c1b4e971c42c8cecc91037fa1df994f7050a45fc","1989-05-02","1989-05-02",52,"Prayers For Rain","4Qq0UKztCAIfu0Tfgmb1d2",0.563,0.683,"G",-7.662,"major",0.027,0.00472,0.0851,0.0839,0.108,116.964,368307,4,"G major",35
"94","6vQB3ZBxnQPP3jQcGV2qzg","Disintegration (Deluxe Edition [Remastered])","https://i.scdn.co/image/c1b4e971c42c8cecc91037fa1df994f7050a45fc","1989-05-02","1989-05-02",52,"The Same Deep Water As You","3gXwy8PyIFiNOUnq5Lvkh6",0.325,0.805,"A",-8.43,"minor",0.0768,0.529,0.277,0.926,0.174,199.891,562907,4,"A minor",32
"95","6vQB3ZBxnQPP3jQcGV2qzg","Disintegration (Deluxe Edition [Remastered])","https://i.scdn.co/image/c1b4e971c42c8cecc91037fa1df994f7050a45fc","1989-05-02","1989-05-02",52,"Disintegration","0zY8t5dC1KQXcPUKByWMJM",0.593,0.943,"D",-5.948,"major",0.0568,0.308,0.0284,0.366,0.125,122.02,499973,4,"D major",40
"96","6vQB3ZBxnQPP3jQcGV2qzg","Disintegration (Deluxe Edition [Remastered])","https://i.scdn.co/image/c1b4e971c42c8cecc91037fa1df994f7050a45fc","1989-05-02","1989-05-02",52,"Homesick","2o0mBeqnGQkfhdYBl9ld3c",0.491,0.696,"A",-8.706,"minor",0.0258,0.118,0.695,0.121,0.528,156.014,427280,4,"A minor",30
"97","6vQB3ZBxnQPP3jQcGV2qzg","Disintegration (Deluxe Edition [Remastered])","https://i.scdn.co/image/c1b4e971c42c8cecc91037fa1df994f7050a45fc","1989-05-02","1989-05-02",52,"Untitled","41rrri7GpGTmJwYqYDZEMf",0.665,0.689,"G",-9.057,"major",0.0316,0.571,0.0909,0.0868,0.182,95.048,393093,4,"G major",27
"98","6vQB3ZBxnQPP3jQcGV2qzg","Disintegration (Deluxe Edition [Remastered])","https://i.scdn.co/image/c1b4e971c42c8cecc91037fa1df994f7050a45fc","1989-05-02","1989-05-02",52,"Prayers For Rain [RS Home Demo (instrumental)-04/88]","0tQtjJp0Hmjd4q6IQdSiY5",0.444,0.57,"G",-11.623,"major",0.0288,0.101,0.858,0.104,0.296,204.468,181320,4,"G major",22
"99","6vQB3ZBxnQPP3jQcGV2qzg","Disintegration (Deluxe Edition [Remastered])","https://i.scdn.co/image/c1b4e971c42c8cecc91037fa1df994f7050a45fc","1989-05-02","1989-05-02",52,"Pictures Of You [RS Home Demo (instrumental)-04/88]","2Ca5BoW6FGOUwVHTjzPuBL",0.449,0.608,"A",-11.355,"major",0.0263,0.45,0.931,0.107,0.82,81.81,209627,4,"A major",23
"100","6vQB3ZBxnQPP3jQcGV2qzg","Disintegration (Deluxe Edition [Remastered])","https://i.scdn.co/image/c1b4e971c42c8cecc91037fa1df994f7050a45fc","1989-05-02","1989-05-02",52,"Fascination Street [RS Home Demo (instrumental)-04/88]","5603kdZnIBnECCHhm6c5oS",0.516,0.881,"G#",-9.463,"major",0.0589,0.0787,0.747,0.168,0.688,89.472,161187,4,"G# major",21
"101","6vQB3ZBxnQPP3jQcGV2qzg","Disintegration (Deluxe Edition [Remastered])","https://i.scdn.co/image/c1b4e971c42c8cecc91037fa1df994f7050a45fc","1989-05-02","1989-05-02",52,"Homesick [Band Rehearsal (instrumental)-06/88]","4jGfTZjIocJD2UX9z2hZpr",0.25,0.617,"F#",-10.22,"major",0.0336,0.677,0.351,0.281,0.599,170.684,194387,4,"F# major",20
"102","6vQB3ZBxnQPP3jQcGV2qzg","Disintegration (Deluxe Edition [Remastered])","https://i.scdn.co/image/c1b4e971c42c8cecc91037fa1df994f7050a45fc","1989-05-02","1989-05-02",52,"Fear Of Ghosts [Band Rehearsal (instrumental)-06/88]","5ifAUIQL8VfKL0k3QKlLIG",0.655,0.449,"A",-12.043,"minor",0.0294,0.636,0.874,0.196,0.683,97.374,179133,4,"A minor",20
"103","6vQB3ZBxnQPP3jQcGV2qzg","Disintegration (Deluxe Edition [Remastered])","https://i.scdn.co/image/c1b4e971c42c8cecc91037fa1df994f7050a45fc","1989-05-02","1989-05-02",52,"No Heart [Band Rehearsal (instrumental)-06/88]","1rcOtF4P8Xu1V34hYOzuNR",0.564,0.621,"D",-9.709,"major",0.0411,0.289,0.0302,0.185,0.534,110.138,161720,4,"D major",19
"104","6vQB3ZBxnQPP3jQcGV2qzg","Disintegration (Deluxe Edition [Remastered])","https://i.scdn.co/image/c1b4e971c42c8cecc91037fa1df994f7050a45fc","1989-05-02","1989-05-02",52,"Esten [Band Demo (instrumental)-09/88]","0XLV0HCYnFjStvzbyX6Hmh",0.22,0.963,"B",-6.204,"minor",0.108,0.151,0.88,0.156,0.54,166.65,194933,4,"B minor",20
"105","6vQB3ZBxnQPP3jQcGV2qzg","Disintegration (Deluxe Edition [Remastered])","https://i.scdn.co/image/c1b4e971c42c8cecc91037fa1df994f7050a45fc","1989-05-02","1989-05-02",52,"Closedown [Band Demo (instrumental)-09/88]","7aLa75Cxyv08IQKusPNKvF",0.335,0.686,"A",-8.092,"major",0.032,0.0363,0.755,0.117,0.395,94.761,170187,4,"A major",19
"106","3huHRCpnBNMIrU4e10HDtr","Mixed Up (Remastered 2018 / Deluxe Edition)","https://i.scdn.co/image/e2d8284b3b074376d56b8d475ec5ddadaddc0bb1","1990-11-20","1990-11-20",37,"Lullaby - Extended Mix","3oHh50CILa1PKDBSvfVuDd",0.68,0.693,"A",-7.697,"major",0.0418,0.0251,0.466,0.0389,0.756,94.016,465053,4,"A major",31
"107","3huHRCpnBNMIrU4e10HDtr","Mixed Up (Remastered 2018 / Deluxe Edition)","https://i.scdn.co/image/e2d8284b3b074376d56b8d475ec5ddadaddc0bb1","1990-11-20","1990-11-20",37,"Close To Me - Closer Mix","1NhSbkW7HBh7YLNW5Rq1EQ",0.725,0.599,"B",-10.873,"major",0.0604,0.0121,0.292,0.0602,0.707,92.6,345933,4,"B major",28
"108","3huHRCpnBNMIrU4e10HDtr","Mixed Up (Remastered 2018 / Deluxe Edition)","https://i.scdn.co/image/e2d8284b3b074376d56b8d475ec5ddadaddc0bb1","1990-11-20","1990-11-20",37,"Fascination Street - Extended Mix","5U8675mwJl78KYsVz2uqWL",0.581,0.919,"C",-6.497,"minor",0.0408,0.000183,0.588,0.0596,0.575,99.996,528360,4,"C minor",29
"109","3huHRCpnBNMIrU4e10HDtr","Mixed Up (Remastered 2018 / Deluxe Edition)","https://i.scdn.co/image/e2d8284b3b074376d56b8d475ec5ddadaddc0bb1","1990-11-20","1990-11-20",37,"The Walk - Everything Mix","1LCskTchpWEkll5eLo8BKA",0.555,0.808,"D",-10.18,"major",0.0289,0.000121,0.485,0.259,0.326,128.946,327560,4,"D major",25
"110","3huHRCpnBNMIrU4e10HDtr","Mixed Up (Remastered 2018 / Deluxe Edition)","https://i.scdn.co/image/e2d8284b3b074376d56b8d475ec5ddadaddc0bb1","1990-11-20","1990-11-20",37,"Lovesong - Extended Mix","3plaBXE2lJR4xYzsPCTpkr",0.585,0.782,"A",-7.882,"minor",0.0271,0.452,0.331,0.0992,0.789,140.022,380107,4,"A minor",33
"111","3huHRCpnBNMIrU4e10HDtr","Mixed Up (Remastered 2018 / Deluxe Edition)","https://i.scdn.co/image/e2d8284b3b074376d56b8d475ec5ddadaddc0bb1","1990-11-20","1990-11-20",37,"A Forest - Tree Mix","0frM8UsUHEbkd1WzuvghDP",0.605,0.878,"C",-8.722,"major",0.0309,0.0351,0.873,0.116,0.864,163.311,414840,4,"C major",27
"112","3huHRCpnBNMIrU4e10HDtr","Mixed Up (Remastered 2018 / Deluxe Edition)","https://i.scdn.co/image/e2d8284b3b074376d56b8d475ec5ddadaddc0bb1","1990-11-20","1990-11-20",37,"Pictures Of You - Extended Dub Mix","2weWzEo6itvMYZL0rXkcXh",0.632,0.627,"G",-6.556,"major",0.0652,0.000706,0.0229,0.0543,0.483,174.041,402920,4,"G major",26
"113","3huHRCpnBNMIrU4e10HDtr","Mixed Up (Remastered 2018 / Deluxe Edition)","https://i.scdn.co/image/e2d8284b3b074376d56b8d475ec5ddadaddc0bb1","1990-11-20","1990-11-20",37,"Hot Hot Hot!!! - Extended Mix","0edR81y4gG1Hqlr64arKCo",0.772,0.883,"E",-7.727,"minor",0.038,0.0157,0.0225,0.311,0.507,111.726,417533,4,"E minor",24
"114","3huHRCpnBNMIrU4e10HDtr","Mixed Up (Remastered 2018 / Deluxe Edition)","https://i.scdn.co/image/e2d8284b3b074376d56b8d475ec5ddadaddc0bb1","1990-11-20","1990-11-20",37,"The Caterpillar - Flicker Mix","7hR6EwyiqriDWpFwUzWROP",0.762,0.399,"B",-11.978,"minor",0.0452,0.0295,0.0388,0.0809,0.503,123.785,327587,4,"B minor",23
"115","3huHRCpnBNMIrU4e10HDtr","Mixed Up (Remastered 2018 / Deluxe Edition)","https://i.scdn.co/image/e2d8284b3b074376d56b8d475ec5ddadaddc0bb1","1990-11-20","1990-11-20",37,"Inbetween Days - Shiver Mix","1BM2MUABrq6U5VUriGdUVi",0.63,0.821,"F#",-9.712,"minor",0.0401,0.0147,0.816,0.13,0.711,128.125,381533,4,"F# minor",22
"116","3huHRCpnBNMIrU4e10HDtr","Mixed Up (Remastered 2018 / Deluxe Edition)","https://i.scdn.co/image/e2d8284b3b074376d56b8d475ec5ddadaddc0bb1","1990-11-20","1990-11-20",37,"Never Enough - Big Mix","5jMYKznEfVbn7aFydJ112T",0.55,0.962,"D",-6.528,"major",0.0681,0.00808,0.0924,0.354,0.661,100.459,369293,4,"D major",21
"117","3huHRCpnBNMIrU4e10HDtr","Mixed Up (Remastered 2018 / Deluxe Edition)","https://i.scdn.co/image/e2d8284b3b074376d56b8d475ec5ddadaddc0bb1","1990-11-20","1990-11-20",37,"Let's Go To Bed - Extended Mix 1982","7JOcn0js99fiq74G1aQDrO",0.828,0.84,"C",-7.274,"minor",0.0636,0.193,0.221,0.0551,0.652,127.543,464707,4,"C minor",23
"118","3huHRCpnBNMIrU4e10HDtr","Mixed Up (Remastered 2018 / Deluxe Edition)","https://i.scdn.co/image/e2d8284b3b074376d56b8d475ec5ddadaddc0bb1","1990-11-20","1990-11-20",37,"Just One Kiss - Extended Mix 1982","5eF8CXZFxAo4RL5qkxlLrh",0.623,0.872,"A",-7.827,"minor",0.0335,0.248,0.933,0.81,0.696,130.573,436653,4,"A minor",22
"119","3huHRCpnBNMIrU4e10HDtr","Mixed Up (Remastered 2018 / Deluxe Edition)","https://i.scdn.co/image/e2d8284b3b074376d56b8d475ec5ddadaddc0bb1","1990-11-20","1990-11-20",37,"Close To Me - Extended Mix 1985","4SK2dabeBSsKhy6xUulCNt",0.629,0.602,"B",-9.04,"major",0.134,0.374,0.546,0.6,0.948,184.653,392627,4,"B major",24
"120","3huHRCpnBNMIrU4e10HDtr","Mixed Up (Remastered 2018 / Deluxe Edition)","https://i.scdn.co/image/e2d8284b3b074376d56b8d475ec5ddadaddc0bb1","1990-11-20","1990-11-20",37,"Boys Don't Cry - New Voice Club Mix 1986","64Mmx9sxf5zp2GfLrDnXWI",0.499,0.923,"A",-6.366,"major",0.112,0.244,6.61e-06,0.113,0.741,169.12,330373,4,"A major",25
"121","3huHRCpnBNMIrU4e10HDtr","Mixed Up (Remastered 2018 / Deluxe Edition)","https://i.scdn.co/image/e2d8284b3b074376d56b8d475ec5ddadaddc0bb1","1990-11-20","1990-11-20",37,"Why Can't I Be You? - Extended Mix 1987","0xMlMIWhdbGg45wG2quUHp",0.649,0.885,"A",-7.528,"minor",0.0296,0.0147,0.0145,0.32,0.71,107.087,487773,4,"A minor",22
"122","3huHRCpnBNMIrU4e10HDtr","Mixed Up (Remastered 2018 / Deluxe Edition)","https://i.scdn.co/image/e2d8284b3b074376d56b8d475ec5ddadaddc0bb1","1990-11-20","1990-11-20",37,"A Japanese Dream - 12"" Remix 1987","4VdRdmqgCeipNfLKflxvZo",0.484,0.944,"B",-7.264,"minor",0.0304,0.000748,0.0744,0.522,0.673,113.305,348547,4,"B minor",21
"123","3huHRCpnBNMIrU4e10HDtr","Mixed Up (Remastered 2018 / Deluxe Edition)","https://i.scdn.co/image/e2d8284b3b074376d56b8d475ec5ddadaddc0bb1","1990-11-20","1990-11-20",37,"Pictures Of You - Extended Version 1990","0JSJUPxkWhyW4xkmyG8Rj8",0.511,0.671,"A",-8.981,"major",0.0307,0.00157,0.0176,0.0986,0.546,172.566,487253,4,"A major",28
"124","3huHRCpnBNMIrU4e10HDtr","Mixed Up (Remastered 2018 / Deluxe Edition)","https://i.scdn.co/image/e2d8284b3b074376d56b8d475ec5ddadaddc0bb1","1990-11-20","1990-11-20",37,"Let's Go To Bed - Milk Mix 1990","0bWUFaTObu3E4GbBY2OPVQ",0.665,0.794,"C#",-11.838,"major",0.0389,0.0663,0.754,0.135,0.645,126.11,434227,4,"C# major",21
"125","3huHRCpnBNMIrU4e10HDtr","Mixed Up (Remastered 2018 / Deluxe Edition)","https://i.scdn.co/image/e2d8284b3b074376d56b8d475ec5ddadaddc0bb1","1990-11-20","1990-11-20",37,"Just Like Heaven - Dizzy Mix 1990","2zGg4XKpfqM6jm0o9SSaZE",0.568,0.624,"D",-11.211,"major",0.0436,0.00013,0.0092,0.077,0.745,151.822,223307,4,"D major",22
"126","3x1CmNdXWU0DzpTZXFFRZu","Wish","https://i.scdn.co/image/5dff051e4d3c118f50e96ad09a10dc1ff28d730b","1992-04-21","1992-04-21",52,"Open","7xGxYR5TH0yaftnppHmOPy",0.482,0.787,"G",-11.485,"minor",0.0481,0.0232,0.399,0.0831,0.39,112.108,410933,4,"G minor",36
"127","3x1CmNdXWU0DzpTZXFFRZu","Wish","https://i.scdn.co/image/5dff051e4d3c118f50e96ad09a10dc1ff28d730b","1992-04-21","1992-04-21",52,"High","2iVtt0mYIL26IGAgRkhHT5",0.618,0.717,"A",-12.107,"major",0.03,0.0164,0.000339,0.0594,0.761,114.802,213333,4,"A major",40
"128","3x1CmNdXWU0DzpTZXFFRZu","Wish","https://i.scdn.co/image/5dff051e4d3c118f50e96ad09a10dc1ff28d730b","1992-04-21","1992-04-21",52,"Apart","27fug0loVTSPGMX59ecZtS",0.546,0.433,"A",-15.933,"minor",0.0282,0.422,0.352,0.325,0.511,82.102,395360,4,"A minor",30
"129","3x1CmNdXWU0DzpTZXFFRZu","Wish","https://i.scdn.co/image/5dff051e4d3c118f50e96ad09a10dc1ff28d730b","1992-04-21","1992-04-21",52,"From The Edge Of The Deep Green Sea","2vwBL9RVyr0vA4Og5VH0i3",0.467,0.678,"E",-10.581,"minor",0.0313,0.0135,0.000569,0.174,0.345,111.106,460067,4,"E minor",37
"130","3x1CmNdXWU0DzpTZXFFRZu","Wish","https://i.scdn.co/image/5dff051e4d3c118f50e96ad09a10dc1ff28d730b","1992-04-21","1992-04-21",52,"Wendy Time","2A2ep0i1wPwhdz6LtKbWLd",0.568,0.589,"A",-12.683,"minor",0.0288,0.497,0.00355,0.234,0.656,108.219,311267,4,"A minor",27
"131","3x1CmNdXWU0DzpTZXFFRZu","Wish","https://i.scdn.co/image/5dff051e4d3c118f50e96ad09a10dc1ff28d730b","1992-04-21","1992-04-21",52,"Doing The Unstuck","4RzI4cQpnS5rQH8ZeFRlgr",0.553,0.784,"F#",-12.679,"minor",0.0424,0.212,0.0654,0.0897,0.53,128.195,262027,4,"F# minor",30
"132","3x1CmNdXWU0DzpTZXFFRZu","Wish","https://i.scdn.co/image/5dff051e4d3c118f50e96ad09a10dc1ff28d730b","1992-04-21","1992-04-21",52,"Friday I'm In Love","263aNAQCeFSWipk896byo6",0.526,0.762,"C",-12.437,"minor",0.0342,0.000972,0.000116,0.338,0.505,136.203,214400,4,"C minor",62
"133","3x1CmNdXWU0DzpTZXFFRZu","Wish","https://i.scdn.co/image/5dff051e4d3c118f50e96ad09a10dc1ff28d730b","1992-04-21","1992-04-21",52,"Trust","0L61rHjQNoXYZJeYW8AXbE",0.387,0.367,"F",-16.847,"major",0.0304,0.269,0.556,0.149,0.274,150.197,330000,4,"F major",30
"134","3x1CmNdXWU0DzpTZXFFRZu","Wish","https://i.scdn.co/image/5dff051e4d3c118f50e96ad09a10dc1ff28d730b","1992-04-21","1992-04-21",52,"A Letter To Elise","4DdXOLc1VMAY34ourCn1Xa",0.528,0.592,"A",-13.59,"major",0.0321,0.16,0.000916,0.223,0.728,150.187,311867,4,"A major",45
"135","3x1CmNdXWU0DzpTZXFFRZu","Wish","https://i.scdn.co/image/5dff051e4d3c118f50e96ad09a10dc1ff28d730b","1992-04-21","1992-04-21",52,"Cut","0QVOp4pk3QuADsg1Atroe2",0.427,0.866,"E",-10.822,"minor",0.051,0.0402,0,0.482,0.498,134.134,350240,4,"E minor",28
"136","3x1CmNdXWU0DzpTZXFFRZu","Wish","https://i.scdn.co/image/5dff051e4d3c118f50e96ad09a10dc1ff28d730b","1992-04-21","1992-04-21",52,"To Wish Impossible Things","1lGA1yVlhvrbyPvQ9tiWPh",0.443,0.297,"A",-19.624,"major",0.0284,0.608,0.437,0.0918,0.506,157.974,281427,4,"A major",41
"137","3x1CmNdXWU0DzpTZXFFRZu","Wish","https://i.scdn.co/image/5dff051e4d3c118f50e96ad09a10dc1ff28d730b","1992-04-21","1992-04-21",52,"End","2DEk9xGgueXdKPTb6P3eH6",0.258,0.751,"F",-10.147,"major",0.0412,0.00422,0.115,0.699,0.236,172.289,406827,4,"F major",26
"138","2kvp7gVn5GL2r6B6w6piuc","Paris","https://i.scdn.co/image/a2e132ff50489a2ee4ecafaac56517a5b371e8b0","1993-10-25","1993-10-25",21,"The Figurehead - Live Paris Version","2XKVBTqwS7HDcmwJdd6GJO",0.582,0.395,"A#",-17.46,"minor",0.0286,0.000877,0.551,0.976,0.335,105.38,446933,4,"A# minor",15
"139","2kvp7gVn5GL2r6B6w6piuc","Paris","https://i.scdn.co/image/a2e132ff50489a2ee4ecafaac56517a5b371e8b0","1993-10-25","1993-10-25",21,"One Hundred Years - Live Paris Version","3ATk6Bf8FiFBZaHRPlYwtw",0.273,0.745,"C",-12.441,"minor",0.053,0.0704,0.00176,0.987,0.226,135.145,435867,4,"C minor",15
"140","2kvp7gVn5GL2r6B6w6piuc","Paris","https://i.scdn.co/image/a2e132ff50489a2ee4ecafaac56517a5b371e8b0","1993-10-25","1993-10-25",21,"At Night - Live Paris Version","1F55ZsGVlHrS28y81MlM9S",0.473,0.501,"G",-14.677,"major",0.0272,0.0428,0.32,0.991,0.19,105.028,399467,4,"G major",15
"141","2kvp7gVn5GL2r6B6w6piuc","Paris","https://i.scdn.co/image/a2e132ff50489a2ee4ecafaac56517a5b371e8b0","1993-10-25","1993-10-25",21,"Play For Today - Live Paris Version","4e18DvJzuOwm94cFDrd8KE",0.452,0.845,"B",-13.367,"minor",0.0424,0.00165,0.0549,0.967,0.423,156.296,230400,4,"B minor",16
"142","2kvp7gVn5GL2r6B6w6piuc","Paris","https://i.scdn.co/image/a2e132ff50489a2ee4ecafaac56517a5b371e8b0","1993-10-25","1993-10-25",21,"Apart - Live Paris Version","2iBxkkesvbAjeyUn2rLOoF",0.23,0.472,"G",-15.354,"major",0.0337,0.469,0.734,0.951,0.259,163.445,397373,4,"G major",15
"143","2kvp7gVn5GL2r6B6w6piuc","Paris","https://i.scdn.co/image/a2e132ff50489a2ee4ecafaac56517a5b371e8b0","1993-10-25","1993-10-25",21,"In Your House - Live Paris Version","17Y1JAJx3ZHQ2lYGy5cEdd",0.454,0.61,"G",-15.174,"major",0.0317,0.0249,0.46,0.993,0.517,105.907,239093,4,"G major",14
"144","2kvp7gVn5GL2r6B6w6piuc","Paris","https://i.scdn.co/image/a2e132ff50489a2ee4ecafaac56517a5b371e8b0","1993-10-25","1993-10-25",21,"Love Song","54iZYMQTJOVLdniRABTiGp",0.534,0.516,"A",-15.94,"minor",0.0297,0.0587,0.633,0.972,0.638,139.243,211933,4,"A minor",18
"145","2kvp7gVn5GL2r6B6w6piuc","Paris","https://i.scdn.co/image/a2e132ff50489a2ee4ecafaac56517a5b371e8b0","1993-10-25","1993-10-25",21,"Catch - Live Paris Version","6DTO09zQq4aSdrC2R43RAu",0.532,0.506,"A",-14.75,"major",0.0303,0.00316,1.22e-05,0.981,0.56,105.955,161400,4,"A major",14
"146","2kvp7gVn5GL2r6B6w6piuc","Paris","https://i.scdn.co/image/a2e132ff50489a2ee4ecafaac56517a5b371e8b0","1993-10-25","1993-10-25",21,"A Letter To Elise - Live Paris Version","0Hr84VE8SOrYlRo42GCUSz",0.418,0.663,"F#",-13.274,"minor",0.0364,0.0033,0.00353,0.972,0.436,77.301,290733,4,"F# minor",17
"147","2kvp7gVn5GL2r6B6w6piuc","Paris","https://i.scdn.co/image/a2e132ff50489a2ee4ecafaac56517a5b371e8b0","1993-10-25","1993-10-25",21,"Dressing Up - Live Paris Version","7r0Dj50n79c6MPVCFEuw05",0.463,0.585,"E",-12.244,"minor",0.0303,0.0365,0.00271,0.983,0.492,167.343,169333,4,"E minor",13
"148","2kvp7gVn5GL2r6B6w6piuc","Paris","https://i.scdn.co/image/a2e132ff50489a2ee4ecafaac56517a5b371e8b0","1993-10-25","1993-10-25",21,"Charlotte Sometimes - Live Paris Version","57bxyOifZI2Y8TNJpVQh80",0.399,0.731,"A",-11.744,"minor",0.0509,0.0799,0.00448,1,0.354,137.085,238133,4,"A minor",17
"149","2kvp7gVn5GL2r6B6w6piuc","Paris","https://i.scdn.co/image/a2e132ff50489a2ee4ecafaac56517a5b371e8b0","1993-10-25","1993-10-25",21,"Close To Me - Live Paris Version","6uHg9nvtdKt0hdD3yJntBC",0.539,0.629,"B",-15.009,"major",0.0362,0.0395,0.454,0.992,0.881,171.044,237333,4,"B major",16
"150","0oi8Xnmhy3lMsSlpeoXvmP","Show","https://i.scdn.co/image/7d4819d557b6f4ef5455a8de7811992a3222375c","1993-10-26","1993-10-26",34,"Tape - Live At The Palace, Auburn Hills, Michigan","03WMR8fZsEoR39oUBVnf7e",0.519,0.284,"D",-24.265,"minor",0.0409,0.747,0.903,0.392,0.594,112.136,147867,4,"D minor",22
"151","0oi8Xnmhy3lMsSlpeoXvmP","Show","https://i.scdn.co/image/7d4819d557b6f4ef5455a8de7811992a3222375c","1993-10-26","1993-10-26",34,"Open - Live At The Palace, Auburn Hills, Michigan","4nQCkbqKcWv2xT6uKqKMwn",0.223,0.899,"F",-12.545,"major",0.0924,0.371,0.184,0.717,0.217,119.192,439200,4,"F major",23
"152","0oi8Xnmhy3lMsSlpeoXvmP","Show","https://i.scdn.co/image/7d4819d557b6f4ef5455a8de7811992a3222375c","1993-10-26","1993-10-26",34,"High - Live At The Palace, Auburn Hills, Michigan","2uJOLsRLR8uUe3dRFCd79Z",0.519,0.735,"C#",-12.95,"minor",0.0373,0.162,0.00015,0.958,0.304,117.138,211427,4,"C# minor",23
"153","0oi8Xnmhy3lMsSlpeoXvmP","Show","https://i.scdn.co/image/7d4819d557b6f4ef5455a8de7811992a3222375c","1993-10-26","1993-10-26",34,"Pictures Of You - Live At The Palace, Auburn Hills, Michigan","5MHqVqiJAgDPBa7cexg1Fz",0.306,0.637,"A",-11.918,"major",0.0359,0.268,0.0104,0.974,0.324,168.766,458600,4,"A major",28
"154","0oi8Xnmhy3lMsSlpeoXvmP","Show","https://i.scdn.co/image/7d4819d557b6f4ef5455a8de7811992a3222375c","1993-10-26","1993-10-26",34,"Lullaby - Live At The Palace, Auburn Hills, Michigan","5TCGOXjKUxdSvACPCut8Bm",0.556,0.637,"A",-13.408,"major",0.0405,0.709,0.025,0.893,0.53,102.372,265600,4,"A major",26
"155","0oi8Xnmhy3lMsSlpeoXvmP","Show","https://i.scdn.co/image/7d4819d557b6f4ef5455a8de7811992a3222375c","1993-10-26","1993-10-26",34,"Just Like Heaven - Live At The Palace, Auburn Hills, Michigan","247pOm1QiZHxPfyxkUWzxI",0.491,0.859,"A",-11.282,"major",0.0488,0.141,0.0331,0.984,0.31,150.777,217533,4,"A major",26
"156","0oi8Xnmhy3lMsSlpeoXvmP","Show","https://i.scdn.co/image/7d4819d557b6f4ef5455a8de7811992a3222375c","1993-10-26","1993-10-26",34,"Fascination Street - Live At The Palace, Auburn Hills, Michigan","514cPCIZQkXhuXehUQobw9",0.478,0.832,"C",-11.938,"minor",0.0432,0.0134,0.325,0.874,0.36,106.279,295729,4,"C minor",22
"157","0oi8Xnmhy3lMsSlpeoXvmP","Show","https://i.scdn.co/image/7d4819d557b6f4ef5455a8de7811992a3222375c","1993-10-26","1993-10-26",34,"A Night Like This - Live At The Palace, Auburn Hills, Michigan","0rX0rMgMwpza2YLmuj8JGV",0.453,0.727,"F#",-12.718,"minor",0.033,0.0869,0.0517,0.974,0.47,114.316,286173,4,"F# minor",24
"158","0oi8Xnmhy3lMsSlpeoXvmP","Show","https://i.scdn.co/image/7d4819d557b6f4ef5455a8de7811992a3222375c","1993-10-26","1993-10-26",34,"Trust - Live At The Palace, Auburn Hills, Michigan","30roO8o367qqEkuKCCIDBr",0.331,0.4,"F",-14.824,"major",0.0264,0.212,0.896,0.927,0.263,80.211,315360,4,"F major",23
"159","0oi8Xnmhy3lMsSlpeoXvmP","Show","https://i.scdn.co/image/7d4819d557b6f4ef5455a8de7811992a3222375c","1993-10-26","1993-10-26",34,"Doing The Unstuck - Live At The Palace, Auburn Hills, Michigan","3GnS8rHJuHwyQ0MCTzRYyQ",0.331,0.743,"D",-13.099,"major",0.0632,0.0349,0,0.902,0.379,146.848,262467,4,"D major",22
"160","0oi8Xnmhy3lMsSlpeoXvmP","Show","https://i.scdn.co/image/7d4819d557b6f4ef5455a8de7811992a3222375c","1993-10-26","1993-10-26",34,"The Walk - Live At The Palace, Auburn Hills, Michigan","0e6ts1NeSgzK7ZaHD2Qt8u",0.483,0.704,"E",-13.786,"minor",0.0691,0.441,0.00215,0.979,0.326,132.099,212933,4,"E minor",20
"161","0oi8Xnmhy3lMsSlpeoXvmP","Show","https://i.scdn.co/image/7d4819d557b6f4ef5455a8de7811992a3222375c","1993-10-26","1993-10-26",34,"Let's Go To Bed - Live At The Palace, Auburn Hills, Michigan","1s56xPWwJ027PwglKuxCjl",0.519,0.835,"F",-12.479,"minor",0.0752,0.127,0,0.974,0.475,134.262,221933,4,"F minor",20
"162","0oi8Xnmhy3lMsSlpeoXvmP","Show","https://i.scdn.co/image/7d4819d557b6f4ef5455a8de7811992a3222375c","1993-10-26","1993-10-26",34,"Friday I'm In Love - Live At The Palace, Auburn Hills, Michigan","6TaVUwd1GxmOcR337FZM75",0.426,0.813,"D",-13.972,"major",0.0583,0.0805,0.00352,0.979,0.333,143.554,225267,4,"D major",25
"163","0oi8Xnmhy3lMsSlpeoXvmP","Show","https://i.scdn.co/image/7d4819d557b6f4ef5455a8de7811992a3222375c","1993-10-26","1993-10-26",34,"In Between Days - Live At The Palace, Auburn Hills, Michigan","4uexN8lwDjGX5SQycpz97I",0.457,0.729,"D",-12.951,"major",0.0386,0.164,0.0591,0.978,0.539,145.139,192800,4,"D major",40
"164","0oi8Xnmhy3lMsSlpeoXvmP","Show","https://i.scdn.co/image/7d4819d557b6f4ef5455a8de7811992a3222375c","1993-10-26","1993-10-26",34,"From The Edge Of The Deep Green Sea - Live At The Palace, Auburn Hills, Michigan","0uNOXyzK9CxgLJaXm4ooeG",0.362,0.793,"E",-12.103,"minor",0.0497,0.059,0.103,0.862,0.186,111.15,474933,4,"E minor",22
"165","0oi8Xnmhy3lMsSlpeoXvmP","Show","https://i.scdn.co/image/7d4819d557b6f4ef5455a8de7811992a3222375c","1993-10-26","1993-10-26",34,"Never Enough - Live At The Palace, Auburn Hills, Michigan","4wyhQzQYCbQKRfOySMFX4I",0.405,0.89,"D",-11.176,"major",0.0798,0.0796,0.00396,0.369,0.155,109.438,292693,4,"D major",19
"166","0oi8Xnmhy3lMsSlpeoXvmP","Show","https://i.scdn.co/image/7d4819d557b6f4ef5455a8de7811992a3222375c","1993-10-26","1993-10-26",34,"Cut - Live At The Palace, Auburn Hills, Michigan","7msFZsXkOoSYQHS3Ik9hgU",0.242,0.887,"E",-12.172,"minor",0.0904,0.31,0.24,0.426,0.167,155.123,325000,4,"E minor",19
"167","0oi8Xnmhy3lMsSlpeoXvmP","Show","https://i.scdn.co/image/7d4819d557b6f4ef5455a8de7811992a3222375c","1993-10-26","1993-10-26",34,"End - Live At The Palace, Auburn Hills, Michigan","1qrORdrfuqfhR0WvNb4PpK",0.266,0.749,"F",-12.205,"major",0.052,0.0674,0.264,0.776,0.164,79.962,478533,4,"F major",19
"168","69XNTota6w88wrLZt4AX9n","Wild Mood Swings","https://i.scdn.co/image/e8d80cfa2ff8906eb9f0b685e7c5aa6ac1039310","1996-05-06","1996-05-06",30,"Want","4oFTz4lmtWtzURGJzWqdIX",0.387,0.813,"C#",-3.645,"major",0.031,0.0533,0.0266,0.141,0.233,167.851,306533,4,"C# major",25
"169","69XNTota6w88wrLZt4AX9n","Wild Mood Swings","https://i.scdn.co/image/e8d80cfa2ff8906eb9f0b685e7c5aa6ac1039310","1996-05-06","1996-05-06",30,"Club America","5lBcr7o1dsOV79uMYmhFAF",0.421,0.978,"G",-3.229,"major",0.113,0.158,0.0208,0.19,0.368,108.696,301467,4,"G major",18
"170","69XNTota6w88wrLZt4AX9n","Wild Mood Swings","https://i.scdn.co/image/e8d80cfa2ff8906eb9f0b685e7c5aa6ac1039310","1996-05-06","1996-05-06",30,"This Is A Lie","2LaagCfTAPrNAkZQcMfmul",0.412,0.531,"E",-5.933,"minor",0.0312,0.0276,7.65e-05,0.275,0.236,150.722,269800,3,"E minor",21
"171","69XNTota6w88wrLZt4AX9n","Wild Mood Swings","https://i.scdn.co/image/e8d80cfa2ff8906eb9f0b685e7c5aa6ac1039310","1996-05-06","1996-05-06",30,"The 13th","1BKNn0VGF9vej2aAaz395Y",0.706,0.679,"C#",-4.408,"major",0.0305,0.759,0.000451,0.363,0.548,115.377,257200,4,"C# major",21
"172","69XNTota6w88wrLZt4AX9n","Wild Mood Swings","https://i.scdn.co/image/e8d80cfa2ff8906eb9f0b685e7c5aa6ac1039310","1996-05-06","1996-05-06",30,"Strange Attraction","53pV2CrAU8x6eZ7SaPLRaf",0.607,0.697,"C",-5.446,"major",0.0736,0.127,0,0.0963,0.451,90.118,261773,4,"C major",25
"173","69XNTota6w88wrLZt4AX9n","Wild Mood Swings","https://i.scdn.co/image/e8d80cfa2ff8906eb9f0b685e7c5aa6ac1039310","1996-05-06","1996-05-06",30,"Mint Car","3OxKJOPa1AqFkZGBB2HUlW",0.602,0.945,"D",-3.293,"major",0.0623,0.0663,0,0.386,0.761,143.844,209733,4,"D major",37
"174","69XNTota6w88wrLZt4AX9n","Wild Mood Swings","https://i.scdn.co/image/e8d80cfa2ff8906eb9f0b685e7c5aa6ac1039310","1996-05-06","1996-05-06",30,"Jupiter Crash","6MMiybr4xaLpt5UIvj90db",0.557,0.824,"G",-6.458,"major",0.0395,0.237,0.0155,0.901,0.573,158.396,255560,3,"G major",22
"175","69XNTota6w88wrLZt4AX9n","Wild Mood Swings","https://i.scdn.co/image/e8d80cfa2ff8906eb9f0b685e7c5aa6ac1039310","1996-05-06","1996-05-06",30,"Round & Round & Round","2m5n2VbpPuHFNkSuV8rxgX",0.687,0.951,"D",-2.538,"major",0.0494,0.123,0.000743,0.384,0.61,108.928,158867,4,"D major",18
"176","69XNTota6w88wrLZt4AX9n","Wild Mood Swings","https://i.scdn.co/image/e8d80cfa2ff8906eb9f0b685e7c5aa6ac1039310","1996-05-06","1996-05-06",30,"Gone! - Radio Mix","17NAuC9NWK7hnuzhAgaSx3",0.676,0.872,"B",-3.081,"minor",0.057,0.358,0.000194,0.307,0.742,131.211,267360,3,"B minor",19
"177","69XNTota6w88wrLZt4AX9n","Wild Mood Swings","https://i.scdn.co/image/e8d80cfa2ff8906eb9f0b685e7c5aa6ac1039310","1996-05-06","1996-05-06",30,"Numb","1GCK667RCsEzBlxk0ht2L8",0.472,0.758,"F#",-4.664,"minor",0.0372,0.218,0.000318,0.35,0.398,155.74,289533,4,"F# minor",19
"178","69XNTota6w88wrLZt4AX9n","Wild Mood Swings","https://i.scdn.co/image/e8d80cfa2ff8906eb9f0b685e7c5aa6ac1039310","1996-05-06","1996-05-06",30,"Return","1dW6HejfpmwArSNtVNmxMu",0.465,0.919,"D",-2.791,"major",0.0985,0.189,0,0.124,0.752,152.999,208067,4,"D major",16
"179","69XNTota6w88wrLZt4AX9n","Wild Mood Swings","https://i.scdn.co/image/e8d80cfa2ff8906eb9f0b685e7c5aa6ac1039310","1996-05-06","1996-05-06",30,"Trap","0paR0kCOxCUKqmtNDHjPaL",0.511,0.943,"F",-2.951,"major",0.0378,0.000549,0.0392,0.305,0.48,109.762,217427,4,"F major",16
"180","69XNTota6w88wrLZt4AX9n","Wild Mood Swings","https://i.scdn.co/image/e8d80cfa2ff8906eb9f0b685e7c5aa6ac1039310","1996-05-06","1996-05-06",30,"Treasure","0JjpiLKBd8QqBu9gEV4lYV",0.384,0.694,"D",-7.385,"major",0.0426,0.6,0.0214,0.118,0.416,74.919,225333,4,"D major",20
"181","69XNTota6w88wrLZt4AX9n","Wild Mood Swings","https://i.scdn.co/image/e8d80cfa2ff8906eb9f0b685e7c5aa6ac1039310","1996-05-06","1996-05-06",30,"Bare","4lxWqyrFp208Pi2jBPiYro",0.537,0.655,"D",-7.313,"major",0.0332,0.0803,0.0263,0.071,0.538,149.954,476267,3,"D major",18
"182","5swgMRfWHhnsES6D65MyN1","Bloodflowers","https://i.scdn.co/image/75d5dcca1305899f500f8d8796511f291a36fc59","2000-02-15","2000-02-15",31,"Out Of This World","4BgOZRhJ47uUj9M6Wn9ZhX",0.556,0.654,"E",-11.033,"minor",0.0332,0.0284,0.64,0.387,0.625,79.95,402800,1,"E minor",31
"183","5swgMRfWHhnsES6D65MyN1","Bloodflowers","https://i.scdn.co/image/75d5dcca1305899f500f8d8796511f291a36fc59","2000-02-15","2000-02-15",31,"Watching Me Fall","3YtOBhaLD1iKS7EElRwNYV",0.37,0.832,"A",-3.106,"minor",0.037,0.000299,0.00032,0.146,0.321,79.944,672293,4,"A minor",23
"184","5swgMRfWHhnsES6D65MyN1","Bloodflowers","https://i.scdn.co/image/75d5dcca1305899f500f8d8796511f291a36fc59","2000-02-15","2000-02-15",31,"Where The Birds Always Sing","1r7OFjSjtT5mCeC29xZ4nY",0.512,0.776,"G",-7.085,"major",0.0392,0.0102,0.0237,0.0714,0.66,79.973,342773,4,"G major",22
"185","5swgMRfWHhnsES6D65MyN1","Bloodflowers","https://i.scdn.co/image/75d5dcca1305899f500f8d8796511f291a36fc59","2000-02-15","2000-02-15",31,"Maybe Someday","50hpyfKEhm7ozpvgV0ZAFE",0.366,0.908,"C",-4.224,"major",0.0407,0.148,0.00163,0.315,0.489,180.026,304947,4,"C major",34
"186","5swgMRfWHhnsES6D65MyN1","Bloodflowers","https://i.scdn.co/image/75d5dcca1305899f500f8d8796511f291a36fc59","2000-02-15","2000-02-15",31,"The Last Day Of Summer","589QTU4b7QS21hOMlYZJPe",0.537,0.811,"C",-6.08,"major",0.0283,0.0539,0.435,0.0903,0.435,149.877,335840,4,"C major",34
"187","5swgMRfWHhnsES6D65MyN1","Bloodflowers","https://i.scdn.co/image/75d5dcca1305899f500f8d8796511f291a36fc59","2000-02-15","2000-02-15",31,"There Is No If...","5opIqOJfQ0T6W6YoR57Yhm",0.623,0.498,"D",-9.545,"major",0.0325,0.511,0,0.354,0.439,94.9,222893,4,"D major",23
"188","5swgMRfWHhnsES6D65MyN1","Bloodflowers","https://i.scdn.co/image/75d5dcca1305899f500f8d8796511f291a36fc59","2000-02-15","2000-02-15",31,"The Loudest Sound","5ucMxhsDLGxDMecHaAIVds",0.579,0.736,"F",-6.839,"major",0.0239,0.0604,0.248,0.357,0.261,79.987,309107,4,"F major",21
"189","5swgMRfWHhnsES6D65MyN1","Bloodflowers","https://i.scdn.co/image/75d5dcca1305899f500f8d8796511f291a36fc59","2000-02-15","2000-02-15",31,"39","73fqvNjaQ71G90EyZiHisR",0.434,0.927,"C#",-3.389,"minor",0.041,0.00351,0.00891,0.185,0.265,89.995,437267,4,"C# minor",20
"190","5swgMRfWHhnsES6D65MyN1","Bloodflowers","https://i.scdn.co/image/75d5dcca1305899f500f8d8796511f291a36fc59","2000-02-15","2000-02-15",31,"Bloodflowers","3kZqDL5CALwCmy5tChsJAa",0.508,0.77,"F#",-5.967,"minor",0.0355,0.0133,0.081,0.113,0.329,89.837,447293,4,"F# minor",23
"191","1YYbrkGIPNnqLEcoWEVcuu","The Cure","https://i.scdn.co/image/34ce6c6c4fd523c5415886027f340505dafd1dc3","2004-06-28","2004-06-28",28,"Lost","0KNR8wZtIG11Q0QLH5XC7k",0.507,0.838,"G",-5.689,"major",0.0429,0.247,0.027,0.343,0.39,85.064,247507,4,"G major",23
"192","1YYbrkGIPNnqLEcoWEVcuu","The Cure","https://i.scdn.co/image/34ce6c6c4fd523c5415886027f340505dafd1dc3","2004-06-28","2004-06-28",28,"Labyrinth","42l3B40ftS10C9FzWBAXoy",0.303,0.94,"G",-4.273,"major",0.0563,0.000501,0.116,0.184,0.482,189.923,314307,4,"G major",21
"193","1YYbrkGIPNnqLEcoWEVcuu","The Cure","https://i.scdn.co/image/34ce6c6c4fd523c5415886027f340505dafd1dc3","2004-06-28","2004-06-28",28,"Before Three","4MwSTGmuOAFhnm3cSTC7vk",0.323,0.912,"G",-3.528,"major",0.0406,0.00202,0.000486,0.186,0.521,199.957,280253,4,"G major",21
"194","1YYbrkGIPNnqLEcoWEVcuu","The Cure","https://i.scdn.co/image/34ce6c6c4fd523c5415886027f340505dafd1dc3","2004-06-28","2004-06-28",28,"The End Of The World","3ondV5OnLF2ruqEQj7m8Q9",0.672,0.921,"C",-3.397,"major",0.0471,0.149,0,0.308,0.676,119.986,223760,4,"C major",35
"195","1YYbrkGIPNnqLEcoWEVcuu","The Cure","https://i.scdn.co/image/34ce6c6c4fd523c5415886027f340505dafd1dc3","2004-06-28","2004-06-28",28,"Anniversary","5EqWooU2SjotZq4WqBplsE",0.544,0.836,"F#",-6.889,"minor",0.042,0.0438,0.175,0.0656,0.371,120.04,262933,4,"F# minor",19
"196","1YYbrkGIPNnqLEcoWEVcuu","The Cure","https://i.scdn.co/image/34ce6c6c4fd523c5415886027f340505dafd1dc3","2004-06-28","2004-06-28",28,"Us Or Them","6kBgTdcRaTC7qWNzzDxZN6",0.359,0.978,"D",-2.969,"major",0.0885,0.0083,0.0155,0.331,0.412,180.167,249387,4,"D major",21
"197","1YYbrkGIPNnqLEcoWEVcuu","The Cure","https://i.scdn.co/image/34ce6c6c4fd523c5415886027f340505dafd1dc3","2004-06-28","2004-06-28",28,"alt.end","6aB6nRyqe5YyNANLHB9Tad",0.624,0.948,"E",-4.312,"minor",0.0446,0.168,0,0.217,0.588,115.028,270720,4,"E minor",22
"198","1YYbrkGIPNnqLEcoWEVcuu","The Cure","https://i.scdn.co/image/34ce6c6c4fd523c5415886027f340505dafd1dc3","2004-06-28","2004-06-28",28,"(I Don't Know What's Going) On","6V3be92JEsxYHmQNIauP2e",0.603,0.931,"D",-3.666,"major",0.0423,0.0398,0.00168,0.3,0.519,129.95,177720,4,"D major",19
"199","1YYbrkGIPNnqLEcoWEVcuu","The Cure","https://i.scdn.co/image/34ce6c6c4fd523c5415886027f340505dafd1dc3","2004-06-28","2004-06-28",28,"Taking Off","1VJqidlmKQuOu1E90Bhjco",0.552,0.936,"E",-3.726,"minor",0.0466,0.0101,3.77e-05,0.378,0.472,140.012,199547,4,"E minor",19
"200","1YYbrkGIPNnqLEcoWEVcuu","The Cure","https://i.scdn.co/image/34ce6c6c4fd523c5415886027f340505dafd1dc3","2004-06-28","2004-06-28",28,"Never","4mK2zpbZndKOXs7opDojZ4",0.581,0.948,"F#",-2.161,"minor",0.0579,0.0109,3.57e-06,0.118,0.511,140.024,244933,4,"F# minor",17
"201","1YYbrkGIPNnqLEcoWEVcuu","The Cure","https://i.scdn.co/image/34ce6c6c4fd523c5415886027f340505dafd1dc3","2004-06-28","2004-06-28",28,"The Promise","5LpNiPpQ9avVHNuj2O7c0o",0.339,0.932,"F",-3.92,"major",0.0473,0.000859,0.196,0.385,0.177,179.981,616520,3,"F major",0
"202","2xlZyYNX6RCaNb5AylzHng","Hypnagogic States","https://i.scdn.co/image/d0ce107c77a59e6832a5ddd6121d1d3c5ec0b3ab","2008-01-01","2008-01-01",11,"The Only One - Remix 4 by 30 Seconds To Mars","1AQIFLIffw8HooGkA0o9cR",0.579,0.855,"A",-4.765,"major",0.0889,0.356,0.000311,0.0784,0.545,117.5,263267,4,"A major",14
"203","2xlZyYNX6RCaNb5AylzHng","Hypnagogic States","https://i.scdn.co/image/d0ce107c77a59e6832a5ddd6121d1d3c5ec0b3ab","2008-01-01","2008-01-01",11,"Freakshow - Wolves At The Gate Remix by Jade Puget (AFI)","2kIggpGZ311DT8eaZy9SjU",0.589,0.919,"F#",-3.55,"minor",0.0762,0.00047,0.0217,0.102,0.543,144.983,195920,4,"F# minor",12
"204","2xlZyYNX6RCaNb5AylzHng","Hypnagogic States","https://i.scdn.co/image/d0ce107c77a59e6832a5ddd6121d1d3c5ec0b3ab","2008-01-01","2008-01-01",11,"Sleep When I'm Dead - Remix 4 by Gerard Way (MCR) and Julien-K","6NXLE6ERGw2gE3Ts64SdIj",0.721,0.873,"C",-4.811,"major",0.0936,0.0735,4.92e-05,0.612,0.739,140.049,241560,4,"C major",12
"205","2xlZyYNX6RCaNb5AylzHng","Hypnagogic States","https://i.scdn.co/image/d0ce107c77a59e6832a5ddd6121d1d3c5ec0b3ab","2008-01-01","2008-01-01",11,"The Perfect Boy - Remix 4 by Patrick Stump / Pete Wentz (FOB)","5IwF3OOJywWfWkw6DchBPc",0.77,0.776,"D",-5.076,"major",0.0333,0.0101,0,0.228,0.647,109.993,229480,4,"D major",11
"206","2xlZyYNX6RCaNb5AylzHng","Hypnagogic States","https://i.scdn.co/image/d0ce107c77a59e6832a5ddd6121d1d3c5ec0b3ab","2008-01-01","2008-01-01",11,"Exploding Head Syndrome - 4 Single Remix by 65 Days of Static","0OImicRA6FNUfqotlgDPVQ",0.326,0.743,"A",-9.124,"major",0.0488,0.0067,0.677,0.15,0.141,140.135,1286600,4,"A major",12
"207","2xlZyYNX6RCaNb5AylzHng","Hypnagogic States","https://i.scdn.co/image/d0ce107c77a59e6832a5ddd6121d1d3c5ec0b3ab","2008-01-01","2008-01-01",11,"The Only One - Remix 65 by 65 Days Of Static","6pnkYwzToiYtPQUlXleudi",0.434,0.944,"D",-5.141,"major",0.13,0.00132,0.467,0.641,0.251,117.405,268347,4,"D major",0
"208","0gd0t1iQ3WReB8TNQvALTV","4:13 Dream","https://i.scdn.co/image/6653c09a46f24a93a421ff945e473da8c4001a37","2008-10-27","2008-10-27",38,"Underneath The Stars","0PKVjYlKw7z3IvKAoxrYTR",0.231,0.774,"A",-4.965,"major",0.0481,0.101,0.284,0.133,0.313,86.49,376587,5,"A major",41
"209","0gd0t1iQ3WReB8TNQvALTV","4:13 Dream","https://i.scdn.co/image/6653c09a46f24a93a421ff945e473da8c4001a37","2008-10-27","2008-10-27",38,"The Only One","6C2MCGgNdVmtrZMIh3rZVY",0.564,0.9,"D",-2.414,"major",0.0401,0.0558,0.00119,0.381,0.693,117.43,235360,4,"D major",35
"210","0gd0t1iQ3WReB8TNQvALTV","4:13 Dream","https://i.scdn.co/image/6653c09a46f24a93a421ff945e473da8c4001a37","2008-10-27","2008-10-27",38,"The Reasons Why","54hfkSqtxMnMxXCiiWY0H2",0.637,0.865,"C",-3.421,"major",0.0363,0.129,0.000158,0.186,0.584,124.997,275280,3,"C major",32
"211","0gd0t1iQ3WReB8TNQvALTV","4:13 Dream","https://i.scdn.co/image/6653c09a46f24a93a421ff945e473da8c4001a37","2008-10-27","2008-10-27",38,"Freakshow","1UeDWKZUL9DwOs8Pvl0WL7",0.584,0.926,"F#",-3.194,"minor",0.048,0.0145,0,0.223,0.869,145,148320,4,"F# minor",31
"212","0gd0t1iQ3WReB8TNQvALTV","4:13 Dream","https://i.scdn.co/image/6653c09a46f24a93a421ff945e473da8c4001a37","2008-10-27","2008-10-27",38,"Sirensong","4ahweDs8jaYxxKWSRIsfEU",0.489,0.689,"A",-4.467,"major",0.0351,0.543,0.000893,0.101,0.819,159.968,142440,3,"A major",30
"213","0gd0t1iQ3WReB8TNQvALTV","4:13 Dream","https://i.scdn.co/image/6653c09a46f24a93a421ff945e473da8c4001a37","2008-10-27","2008-10-27",38,"The Real Snow White","0PXKvR641HDgDp0wKddOsr",0.5,0.937,"A",-1.705,"minor",0.0321,0.0875,0.00183,0.0855,0.459,110.022,281947,4,"A minor",29
"214","0gd0t1iQ3WReB8TNQvALTV","4:13 Dream","https://i.scdn.co/image/6653c09a46f24a93a421ff945e473da8c4001a37","2008-10-27","2008-10-27",38,"The Hungry Ghost","7iMTdYhjRlTSdL7wa3g6Jl",0.571,0.906,"C#",-2.588,"minor",0.0404,0.0238,9.96e-05,0.104,0.483,109.966,269440,4,"C# minor",39
"215","0gd0t1iQ3WReB8TNQvALTV","4:13 Dream","https://i.scdn.co/image/6653c09a46f24a93a421ff945e473da8c4001a37","2008-10-27","2008-10-27",38,"Switch","6axz85zJUVBflBY00GNJ29",0.356,0.965,"E",-1.786,"minor",0.123,0.0175,0.396,0.674,0.44,134.771,222013,4,"E minor",27
"216","0gd0t1iQ3WReB8TNQvALTV","4:13 Dream","https://i.scdn.co/image/6653c09a46f24a93a421ff945e473da8c4001a37","2008-10-27","2008-10-27",38,"The Perfect Boy","3Z9f8WV7MRo8wRwPZJGqLt",0.677,0.724,"G",-4.997,"major",0.0306,0.388,0,0.0856,0.57,109.971,201160,4,"G major",30
"217","0gd0t1iQ3WReB8TNQvALTV","4:13 Dream","https://i.scdn.co/image/6653c09a46f24a93a421ff945e473da8c4001a37","2008-10-27","2008-10-27",38,"This. Here And Now. With You","6aMsrfnwi1i4Kkxha8ocgn",0.609,0.854,"D",-4.364,"major",0.0368,0.0159,0,0.166,0.435,117.546,246333,4,"D major",28
"218","0gd0t1iQ3WReB8TNQvALTV","4:13 Dream","https://i.scdn.co/image/6653c09a46f24a93a421ff945e473da8c4001a37","2008-10-27","2008-10-27",38,"Sleep When I'm Dead","0UZCGE8Uk1rmDRHqrGIVa9",0.49,0.97,"D",-1.677,"minor",0.133,0.075,0.000119,0.298,0.31,140.027,230960,4,"D minor",27
"219","0gd0t1iQ3WReB8TNQvALTV","4:13 Dream","https://i.scdn.co/image/6653c09a46f24a93a421ff945e473da8c4001a37","2008-10-27","2008-10-27",38,"The Scream","2xny3I6ciUZCu9Y0MSmPQ0",0.271,0.982,"B",-2.841,"major",0.248,0.0398,0.134,0.331,0.0447,120.014,275467,4,"B major",26
"220","0gd0t1iQ3WReB8TNQvALTV","4:13 Dream","https://i.scdn.co/image/6653c09a46f24a93a421ff945e473da8c4001a37","2008-10-27","2008-10-27",38,"It's Over","7mlBdP3I1eCedzyn2sPFAR",0.391,0.998,"A",-1.378,"minor",0.168,0.0045,0.687,0.382,0.214,149.994,256840,4,"A minor",26
"221","1vKNVIrAtS7Dd1szQQtQNC","Bestival Live 2011","https://i.scdn.co/image/e3718869a04810002f39a5049569cdd9a0ba6cd1","2011-12-13","2011-12-13",16,"Plainsong - Bestival Live 2011","6ZxFEVJu73rkhuzeNNUD9i",0.175,0.689,"C",-7.967,"major",0.0421,0.0365,0.611,0.976,0.145,179.641,309123,4,"C major",9
"222","1vKNVIrAtS7Dd1szQQtQNC","Bestival Live 2011","https://i.scdn.co/image/e3718869a04810002f39a5049569cdd9a0ba6cd1","2011-12-13","2011-12-13",16,"Open - Bestival Live 2011","7aC2ff4XI2HTyutnbujWCR",0.579,0.948,"G",-5.502,"minor",0.0518,0.00574,0.0212,0.748,0.45,115.02,413566,4,"G minor",8
"223","1vKNVIrAtS7Dd1szQQtQNC","Bestival Live 2011","https://i.scdn.co/image/e3718869a04810002f39a5049569cdd9a0ba6cd1","2011-12-13","2011-12-13",16,"Fascination Street - Bestival Live 2011","219l8nBnR0qbf2TzGVEqXq",0.591,0.856,"G#",-5.578,"major",0.039,0.00284,0.449,0.969,0.55,105.007,298824,4,"G# major",9
"224","1vKNVIrAtS7Dd1szQQtQNC","Bestival Live 2011","https://i.scdn.co/image/e3718869a04810002f39a5049569cdd9a0ba6cd1","2011-12-13","2011-12-13",16,"A Night Like This - Bestival Live 2011","389oaoZ3UrxSr8mM4Pcq1U",0.669,0.847,"F#",-5.924,"minor",0.0405,0.0933,0.00336,0.896,0.706,119.966,250313,4,"F# minor",15
"225","1vKNVIrAtS7Dd1szQQtQNC","Bestival Live 2011","https://i.scdn.co/image/e3718869a04810002f39a5049569cdd9a0ba6cd1","2011-12-13","2011-12-13",16,"The End Of The World - Bestival Live 2011","1Vc0NsO4FIkMI2wPK3QrnP",0.596,0.898,"B",-5.413,"minor",0.0831,0.0403,0.000736,0.633,0.384,130.015,220546,4,"B minor",6
"226","1vKNVIrAtS7Dd1szQQtQNC","Bestival Live 2011","https://i.scdn.co/image/e3718869a04810002f39a5049569cdd9a0ba6cd1","2011-12-13","2011-12-13",16,"Lovesong - Bestival Live 2011","7yNozHPxwpYAib83iLz5N8",0.719,0.79,"A",-7.145,"minor",0.035,0.422,0.177,0.983,0.728,140.016,215299,4,"A minor",9
"227","1vKNVIrAtS7Dd1szQQtQNC","Bestival Live 2011","https://i.scdn.co/image/e3718869a04810002f39a5049569cdd9a0ba6cd1","2011-12-13","2011-12-13",16,"Just Like Heaven - Bestival Live 2011","0M7sb1EN2znge94SGmkxF2",0.583,0.909,"A",-5.875,"major",0.0479,0.0103,0.0464,0.962,0.399,150.016,227443,4,"A major",10
"228","1vKNVIrAtS7Dd1szQQtQNC","Bestival Live 2011","https://i.scdn.co/image/e3718869a04810002f39a5049569cdd9a0ba6cd1","2011-12-13","2011-12-13",16,"The Only One - Bestival Live 2011","2IxoD90PwdWHuDSwIhvAVo",0.683,0.9,"A",-5.758,"major",0.0505,0.335,0.00134,0.831,0.599,117.577,254174,4,"A major",12
"229","1vKNVIrAtS7Dd1szQQtQNC","Bestival Live 2011","https://i.scdn.co/image/e3718869a04810002f39a5049569cdd9a0ba6cd1","2011-12-13","2011-12-13",16,"The Walk - Bestival Live 2011","6CI5UFORi0IzN7ApP46NpD",0.712,0.886,"A",-6.442,"major",0.0453,0.0928,0.0275,0.997,0.579,129.955,211966,4,"A major",6
"230","1vKNVIrAtS7Dd1szQQtQNC","Bestival Live 2011","https://i.scdn.co/image/e3718869a04810002f39a5049569cdd9a0ba6cd1","2011-12-13","2011-12-13",16,"Push - Bestival Live 2011","3GlOUOZGzZBY41JS6UQKQo",0.586,0.904,"D",-6.199,"major",0.0472,0.0353,0.618,0.403,0.547,144.99,277836,4,"D major",6
"231","1vKNVIrAtS7Dd1szQQtQNC","Bestival Live 2011","https://i.scdn.co/image/e3718869a04810002f39a5049569cdd9a0ba6cd1","2011-12-13","2011-12-13",16,"Friday I'm In Love - Bestival Live 2011","2z5Wj1DHzStTPoD1zWLjCh",0.64,0.919,"D",-5.736,"major",0.0477,0.0373,0.00244,0.593,0.433,144.979,214028,4,"D major",8
"232","1vKNVIrAtS7Dd1szQQtQNC","Bestival Live 2011","https://i.scdn.co/image/e3718869a04810002f39a5049569cdd9a0ba6cd1","2011-12-13","2011-12-13",16,"Inbetween Days - Bestival Live 2011","59MMUkuR4SKTFNsPEYiIPT",0.583,0.888,"A",-6.25,"major",0.0521,0.0252,0.106,0.706,0.481,144.981,178783,4,"A major",7
"233","1vKNVIrAtS7Dd1szQQtQNC","Bestival Live 2011","https://i.scdn.co/image/e3718869a04810002f39a5049569cdd9a0ba6cd1","2011-12-13","2011-12-13",16,"Play For Today - Bestival Live 2011","5FgeFK7acaoir2XvOMWGKH",0.609,0.881,"B",-6.933,"minor",0.0373,0.0104,0.33,0.716,0.757,149.999,246221,4,"B minor",5
"234","1vKNVIrAtS7Dd1szQQtQNC","Bestival Live 2011","https://i.scdn.co/image/e3718869a04810002f39a5049569cdd9a0ba6cd1","2011-12-13","2011-12-13",16,"A Forest - Bestival Live 2011","2L7piuuEZc9YTqiDxLewTk",0.589,0.756,"A",-7.224,"minor",0.0337,0.0705,0.721,0.69,0.383,75.009,395979,4,"A minor",8
"235","1vKNVIrAtS7Dd1szQQtQNC","Bestival Live 2011","https://i.scdn.co/image/e3718869a04810002f39a5049569cdd9a0ba6cd1","2011-12-13","2011-12-13",16,"Primary - Bestival Live 2011","4beICJKSG2s2on3yFWA4wp",0.558,0.911,"A",-5.384,"major",0.0494,0.0482,0.0443,0.988,0.628,154.939,260840,4,"A major",5
"236","1vKNVIrAtS7Dd1szQQtQNC","Bestival Live 2011","https://i.scdn.co/image/e3718869a04810002f39a5049569cdd9a0ba6cd1","2011-12-13","2011-12-13",16,"Shake Dog Shake - Bestival Live 2011","2Y4Anw9BshcLZS5g6qCAin",0.374,0.936,"F",-4.53,"major",0.0707,0.0197,0.00906,0.703,0.293,180.098,282324,4,"F major",5
"237","1vKNVIrAtS7Dd1szQQtQNC","Bestival Live 2011","https://i.scdn.co/image/e3718869a04810002f39a5049569cdd9a0ba6cd1","2011-12-13","2011-12-13",16,"The Hungry Ghost - Bestival Live 2011","5T95SUInMI3W4ZTDBgpYcT",0.638,0.942,"A",-5.969,"major",0.0484,0.0717,0.018,0.761,0.489,109.991,288759,4,"A major",4
"238","1vKNVIrAtS7Dd1szQQtQNC","Bestival Live 2011","https://i.scdn.co/image/e3718869a04810002f39a5049569cdd9a0ba6cd1","2011-12-13","2011-12-13",16,"One Hundred Years - Bestival Live 2011","2oTWKG6lL1ttVIerX4zZfT",0.482,0.843,"F#",-5.33,"major",0.0327,0.0102,0.153,0.988,0.124,132.22,410137,4,"F# major",4
"239","1vKNVIrAtS7Dd1szQQtQNC","Bestival Live 2011","https://i.scdn.co/image/e3718869a04810002f39a5049569cdd9a0ba6cd1","2011-12-13","2011-12-13",16,"End - Bestival Live 2011","2qKZPC6KM7Uwwe83rLa63U",0.521,0.915,"A#",-4.563,"major",0.0323,0.00113,0.331,0.975,0.314,94.936,371030,4,"A# major",4
"240","1vKNVIrAtS7Dd1szQQtQNC","Bestival Live 2011","https://i.scdn.co/image/e3718869a04810002f39a5049569cdd9a0ba6cd1","2011-12-13","2011-12-13",16,"Disintegration - Bestival Live 2011","3ieYVdwa3qLlzFLmesOJGq",0.621,0.878,"C",-5.823,"major",0.05,0.0574,0.48,0.984,0.169,125.01,511615,4,"C major",5
